HomeDepot_Refresh_time,StoreId,Item Id,Category,Store Quantity,Online Quantity,Returnable,SpecialPrice,Upc,ProductLabel,BrandName,IsLimitedQuantity,OriginalPrice,DollarOff,AvailabilityType,BossEstimatedShippingEndDate,SthEstimatedShippingStartDate,SthEstimatedShippingEndDate,FreeShippingThreshold,ExcludedShipStates,FreeShippingMessage,BossEstimatedShippingStartDate,WebURL,TotalReviews,AverageRating,Description,BuyOnlineShipToStoreEligible,IsTopSeller,BuyOnlinePickupInStoreEligible,ModelNumber,VendorNumber,AttributeValue,DimensionName,DimensionValue Name,DiscountEndDate,PromoLongDescription,DiscountStartDate,Image Links
2020-08-19 08:11:22,0541,203504541,Scaffolding Sets,0,175,180-Day,174,778300100019,Job Site Series 5 ft. x 4 ft. x 2-1/2 ft. Scaffold 900 lbs. Load Capacity,MetalTech,false,174,0,Shared,2020-08-26,2020-08-24,2020-08-24,$45.00,"AK,GU,HI,PR,VI",Ships FREE with $45.00 Order,2020-08-24,//www.homedepot.com/p/MetalTech-Job-Site-Series-5-ft-x-4-ft-x-2-1-2-ft-Scaffold-900-lbs-Load-Capacity-I-IMIS/203504541,224,4.6786,"Offering a convenient and versatile indoor scaffolding unit, this MetalTech Job Site Series Scaffold provides 2 scaffold products in 1. With the included outriggers, it becomes a 5 ft. scaffold for extra reach, or remove the outriggers to create a compact, 4 ft. mini folding scaffold. Also included is a multipurpose folding tool shelf that conveniently holds your hand tools, screwdriver bits, paper towel rolls and paint cans. Its unique folding design makes it easy to set up and transport quickly, so you can get right to work.",true,false,true,I-IMIS,60001278,Convenient tool shelf holds all your project supplies,Brand,,12/31/9999,Test,09/05/2019,"https://images.homedepot-static.com/productImages/77231f47-186e-444f-ba48-3f11aa15edf0/svn/metaltech-scaffolding-sets-i-imis-64_600.jpg , https://images.homedepot-static.com/productImages/4d2016bb-464e-4f62-b378-2324308f41f5/svn/metaltech-scaffolding-sets-i-imis-e1_600.jpg , https://images.homedepot-static.com/productImages/997658cb-8a23-4e56-a77e-c230d3df35e2/svn/metaltech-scaffolding-sets-i-imis-40_600.jpg , https://images.homedepot-static.com/productImages/c86ff2f8-2365-4f6d-8d27-334ec8764b0b/svn/metaltech-scaffolding-sets-i-imis-a0_600.jpg , https://images.homedepot-static.com/productImages/d52eb6a2-a7cd-49e2-bfcf-2fbd2c92230c/svn/metaltech-scaffolding-sets-i-imis-1d_600.jpg , https://images.homedepot-static.com/productImages/dc07ae05-327e-49d0-a991-c76ac14926a2/svn/metaltech-scaffolding-sets-i-imis-66_600.jpg , https://images.homedepot-static.com/productImages/2398efa8-9b6f-4ab1-824e-026397991d3a/svn/metaltech-scaffolding-sets-i-imis-c3_600.jpg , https://images.homedepot-static.com/productImages/a01eb897-3297-4234-8697-be4485dd7f14/svn/metaltech-scaffolding-sets-i-imis-4f_600.jpg , https://images.homedepot-static.com/productImages/e5989397-f3ff-4fa9-b0ae-0e19fd4a3e27/svn/metaltech-scaffolding-sets-i-imis-d4_600.jpg"
2020-08-19 08:11:23,0541,307753410,Cordless String Trimmers,5,1175,30-Day,329,045242548378,M18 FUEL 18-Volt Lithium-Ion Brushless Cordless String Trimmer with QUIK-LOK Attachment Capability and 8.0 Ah Battery,Milwaukee,false,329,0,Shared,2020-09-08,2020-08-25,2020-08-25,$45.00,"AK,GU,HI,PR,VI",Ships FREE with $45.00 Order,2020-09-02,//www.homedepot.com/p/Milwaukee-M18-FUEL-18-Volt-Lithium-Ion-Brushless-Cordless-String-Trimmer-with-QUIK-LOK-Attachment-Capability-and-8-0-Ah-Battery-2825-21ST/307753410,2367,4.6979,"The Milwaukee M18 FUEL String Trimmer Kit with QUIK-LOK, designed for landscape maintenance professionals, provides users with the power to clear thick brush, reaches full throttle in under 1-second and features a balanced design which increases user control. The cordless string trimmer is made up of 2 components the M18 FUEL Power Head with QUIK-LOK and QUIK-LOK String Trimmer Attachment. This M18 FUEL Power Head, part of the QUIK-LOK Attachment System, is compatible with multiple attachments such as an Edger, Articulating Hedge Trimmer and Pole Saw attachment. This gives users the ability to quickly swap out attachments on a single Power Head, delivering ultimate versatility and a lower cost of ownership. The POWERSTATE Brushless Motor delivers up to 6,200 RPM with up to a 16 cutting swath and gives you the power to maintain speed in demanding applications without bogging down. The motor is positioned in the rear of the trimmer to provide the best combination of power, balance and maneuverability. REDLINK PLUS intelligence ensures maximum performance while protecting from overload, overheating and over discharge.",true,false,true,2825-21ST,72796,"Fully compatible with the M18 system, featuring over 200+ tools",Category,,12/31/9999,Test,09/05/2019,"https://images.homedepot-static.com/productImages/cda09ab1-ed6d-44a3-afbf-80af74e94447/svn/milwaukee-cordless-string-trimmers-2825-21st-64_600.jpg , https://images.homedepot-static.com/productImages/3207a040-838a-4d32-bc57-fb35f2e7fa33/svn/milwaukee-cordless-string-trimmers-2825-21st-40_600.jpg , https://images.homedepot-static.com/productImages/e3ffea69-5839-47d2-8ddd-b76f573091cd/svn/milwaukee-cordless-string-trimmers-2825-21st-a0_600.jpg , https://images.homedepot-static.com/productImages/30dfcf40-d16d-4dae-8823-d39ca6058bbf/svn/milwaukee-cordless-string-trimmers-2825-21st-66_600.jpg , https://images.homedepot-static.com/productImages/f6194b88-a660-4700-bd52-0c32541403bf/svn/milwaukee-cordless-string-trimmers-2825-21st-77_600.jpg , https://images.homedepot-static.com/productImages/3f501c1b-bc21-4444-a9f9-0cf57e7195e5/svn/milwaukee-cordless-string-trimmers-2825-21st-4f_600.jpg , https://images.homedepot-static.com/productImages/ce24f517-71c9-484a-8e7e-dee73bc7f474/svn/milwaukee-cordless-string-trimmers-2825-21st-1f_600.jpg , https://images.homedepot-static.com/productImages/14b1e573-1ef8-4c37-a733-bb307ec0ae89/svn/milwaukee-cordless-string-trimmers-2825-21st-44_600.jpg , https://images.homedepot-static.com/productImages/193f2c49-c186-4149-90ca-6dda89f4ec34/svn/milwaukee-cordless-string-trimmers-2825-21st-fa_600.jpg , https://images.homedepot-static.com/productImages/f5c16117-27a7-434c-8323-1aae2a146076/svn/milwaukee-cordless-string-trimmers-2825-21st-76_600.jpg , https://images.homedepot-static.com/productImages/debc5dda-d6b4-4d43-ac1b-3a6062c25067/svn/milwaukee-cordless-string-trimmers-2825-21st-d4_600.jpg"
2020-08-19 08:11:24,0541,202477944,Fire Extinguishers,0,85,180-Day,103.5,047871267910,Pro 210 2-A;10-B;C Fire Extinguisher (3-Pack),Kidde,false,103.5,0,Online,2020-08-31,2020-08-24,2020-08-24,$45.00,"AK,GU,HI,PR,VI",Free Shipping,2020-08-26,//www.homedepot.com/p/Kidde-Pro-210-2-A-10-B-C-Fire-Extinguisher-3-Pack-21005779/202477944,658,4.5836,"Keep a constant peace of mind with this Fire Extinguisher 3-pack. Helping you create a safe pathway in the event of an emergency, these extinguishers are perfect for small, contained fires. Perfect for offices, homes, schools, hotels and other heavily populated buildings, each Kidde Pro 210 fire extinguisher in this 3 pack is UL rated 2-A, 10-B:C. The rechargeable design allows for multiple uses.",true,false,false,21005779,72795,4 lbs,Category,,12/31/9999,Test,09/05/2019,"https://images.homedepot-static.com/productImages/5a76a229-b473-42c6-95b1-608ec34e88e0/svn/kidde-fire-extinguishers-21005779-64_600.jpg , https://images.homedepot-static.com/productImages/e656a9f4-60b2-4134-9e53-32bd096dc582/svn/kidde-fire-extinguishers-21005779-e1_600.jpg , https://images.homedepot-static.com/productImages/a68ce78c-c58e-494a-95f9-fcc0b79e46bd/svn/kidde-fire-extinguishers-21005779-40_600.jpg , https://images.homedepot-static.com/productImages/58298d57-4580-4737-a96e-a6e1243923d3/svn/kidde-fire-extinguishers-21005779-a0_600.jpg , https://images.homedepot-static.com/productImages/00c29583-4d01-4fb9-ad19-cec648f7abdc/svn/kidde-fire-extinguishers-21005779-1d_600.jpg , https://images.homedepot-static.com/productImages/a6852610-15f0-42cb-ab55-65629e833eb7/svn/kidde-fire-extinguishers-21005779-66_600.jpg , https://images.homedepot-static.com/productImages/af5ac78a-d94a-4ef2-9ff7-5d1722ca93bc/svn/kidde-fire-extinguishers-21005779-77_600.jpg , https://images.homedepot-static.com/productImages/cbd59fe5-1238-4416-8609-409c429d01f2/svn/kidde-fire-extinguishers-21005779-c3_600.jpg"
2020-08-19 08:11:24,0541,205846387,Power Tool Battery Chargers,0,122,180-Day,199,045242340866,M12 and M18 12-Volt/18-Volt Lithium-Ion Multi-Voltage 6-Port Sequential Rapid Battery Charger (3 M12 and 3 M18 Ports),Milwaukee,false,199,0,Online,2020-08-31,2020-08-24,2020-08-24,$45.00,"GU,PR,VI",Free Shipping,2020-08-26,//www.homedepot.com/p/Milwaukee-M12-and-M18-12-Volt-18-Volt-Lithium-Ion-Multi-Voltage-6-Port-Sequential-Rapid-Battery-Charger-3-M12-and-3-M18-Ports-48-59-1807/205846387,159,4.6981,"The M18 and M12 Rapid Charge Station is the fastest charging solution in the industry. With the ability to Charge 6 Pack 4X Faster, the station charges three batteries simultaneously while charging each pack up to 40% faster. The charger accepts up to (3) M18 and (3) M12 battery packs, reducing the amount of time spent changing out batteries and increasing productivity on the jobsite. Featuring REDLINK Intelligence, it communicates directly with the battery to monitor cell voltage, temperature and charge status to optimize the performance and extend the life of the pack. The station has integrated hang holes for vertical mounting, a pass through plug to conserve outlet space and a convenient carry handle to transport packs on and off the jobsite.",true,false,true,48-59-1807,72793,Charges all M18 & M12 Batteries - Full system compatibility,Category,,12/31/9999,Test,09/05/2019,"https://images.homedepot-static.com/productImages/ab871e6e-a970-4fe2-a3c8-99287ebfb3e2/svn/milwaukee-power-tool-battery-chargers-48-59-1807-64_600.jpg , https://images.homedepot-static.com/productImages/088830f4-863e-466c-ac30-df4c1ffbdeee/svn/milwaukee-power-tool-battery-chargers-48-59-1807-e1_600.jpg , https://images.homedepot-static.com/productImages/6c7f01fc-1f39-4e71-8e4e-8d91c99c4d80/svn/milwaukee-power-tool-battery-chargers-48-59-1807-40_600.jpg , https://images.homedepot-static.com/productImages/99973c68-43a2-4f0d-b40c-f6eaf1c8d5f2/svn/milwaukee-power-tool-battery-chargers-48-59-1807-a0_600.jpg , https://images.homedepot-static.com/productImages/3ce1eeb0-ebc0-46cf-866b-84205338b27f/svn/milwaukee-power-tool-battery-chargers-48-59-1807-1d_600.jpg , https://images.homedepot-static.com/productImages/e3fd6c61-2052-4b2c-b663-769249e3c0fb/svn/milwaukee-power-tool-battery-chargers-48-59-1807-66_600.jpg , https://images.homedepot-static.com/productImages/648a6e0a-02d2-4e18-8ec7-774a6cf36df7/svn/milwaukee-power-tool-battery-chargers-48-59-1807-77_600.jpg , https://images.homedepot-static.com/productImages/a0946f74-85a7-452b-a3a0-40486eff56f6/svn/milwaukee-power-tool-battery-chargers-48-59-1807-c3_600.jpg , https://images.homedepot-static.com/productImages/c8f9a4cb-84dd-45ae-9519-28a1b8d3b9a1/svn/milwaukee-power-tool-battery-chargers-48-59-1807-4f_600.jpg , https://images.homedepot-static.com/productImages/d1240596-3123-41c3-9974-9a33d0e8ac25/svn/milwaukee-power-tool-battery-chargers-48-59-1807-1f_600.jpg , https://images.homedepot-static.com/productImages/441488f7-5cc6-4f3a-86ed-eb7711eb12a3/svn/milwaukee-power-tool-battery-chargers-48-59-1807-44_600.jpg , https://images.homedepot-static.com/productImages/f6ba6198-efc1-43ce-ac71-884f789eddf7/svn/milwaukee-power-tool-battery-chargers-48-59-1807-fa_600.jpg"
2020-08-19 08:11:25,0541,307753204,Cordless String Trimmers,4,1128,30-Day,229,045242548385,M18 FUEL 18-Volt Lithium-Ion Cordless Brushless String Grass Trimmer with Attachment Capability (Tool-Only),Milwaukee,false,229,0,Shared,2020-08-31,2020-08-24,2020-08-24,$45.00,"AK,GU,HI,PR,VI",Ships FREE with $45.00 Order,2020-08-26,//www.homedepot.com/p/Milwaukee-M18-FUEL-18-Volt-Lithium-Ion-Cordless-Brushless-String-Grass-Trimmer-with-Attachment-Capability-Tool-Only-2825-20ST/307753204,1513,4.6742,"The Milwaukee M18 FUEL String Trimmer with QUIK-LOK, designed for landscape maintenance professionals, provides users with the power to clear thick brush, reaches full throttle in under 1 second and features a balanced design which increases user control. The cordless string trimmer is made up of 2-components the M18 FUEL Power Head w/ QUIK-LOK and QUIK-LOK String Trimmer Attachment. This M18 FUEL Power Head, part of the QUIK-LOK Attachment System, is compatible with multiple attachments such as an Edger, Articulating Hedge Trimmer, and Pole Saw attachment. This gives users the ability to quickly swap out attachments on a single Power Head, delivering ultimate versatility and a lower cost of ownership. The POWERSTATE Brushless Motor delivers up to 6,200 RPM with up to a 16 cutting swath, and gives you the power to maintain speed in demanding applications without bogging down. The motor is positioned in the rear of the trimmer to provide the best combination of power, balance, and maneuverability. REDLINK PLUS intelligence ensures maximum performance while protecting from overload, overheating and over discharge.",true,false,true,2825-20ST,72796,"Fully compatible with the M18 system, featuring over 200+ tools",Category,,12/31/9999,Test,09/05/2019,"https://images.homedepot-static.com/productImages/546e7707-0768-45b8-a401-978b0b1c7a0a/svn/milwaukee-cordless-string-trimmers-2825-20st-64_600.jpg , https://images.homedepot-static.com/productImages/8d23ecf5-c570-458f-9dd1-098e2cc05d59/svn/milwaukee-cordless-string-trimmers-2825-20st-40_600.jpg , https://images.homedepot-static.com/productImages/fb0313c5-997c-48a6-a614-8449088007da/svn/milwaukee-cordless-string-trimmers-2825-20st-66_600.jpg , https://images.homedepot-static.com/productImages/4e5717a2-9012-417f-af12-a872977cf6c6/svn/milwaukee-cordless-string-trimmers-2825-20st-4f_600.jpg , https://images.homedepot-static.com/productImages/17b770e1-ec82-44d4-a0ea-3d5dc81ed14f/svn/milwaukee-cordless-string-trimmers-2825-20st-1f_600.jpg , https://images.homedepot-static.com/productImages/46b1d1ab-ce01-47a6-a90f-b0da91616b99/svn/milwaukee-cordless-string-trimmers-2825-20st-44_600.jpg"
2020-08-19 08:11:26,0541,300510229,Specialty Power Tools,1,258,180-Day,119,045242366934,M18 18-Volt Lithium-Ion Cordless Compact Vacuum (Tool-Only),Milwaukee,false,119,0,Shared,2020-08-31,2020-08-24,2020-08-24,$45.00,"AK,GU,HI,PR,VI",Free Shipping,2020-08-26,//www.homedepot.com/p/Milwaukee-M18-18-Volt-Lithium-Ion-Cordless-Compact-Vacuum-Tool-Only-0882-20/300510229,529,4.3837,"The M18 Compact Vacuum provides users with the most powerful and adaptable handheld cleanup tool. A high-performance motor creates best in class suction for cleanup of drywall dust, wood/metal shavings and common jobsite debris. With a unique handheld design, the M18 Compact Vacuum can be used in a wide variety of orientations and applications across the jobsite. For added versatility, the 0882-20 comes with 2 extension wands, 4 ft. flexible hose, crevice tool, floor tool and removable HEPA filter. A clear view and easy to empty canister provides added convenience. As a part of the M18 System of tools, it is powered by REDLITHIUM battery packs, which deliver up to 25-minutes of run time on a XC 5.0 battery pack and 43-minutes of runtime on a High Demand 9.0 Battery Pack.",true,false,true,0882-20,72793,"Fully compatible with the M18 system, featuring over 200+ tools",Category,,12/31/9999,Test,09/05/2019,"https://images.homedepot-static.com/productImages/56fcdf65-e7bc-4a5f-8f93-62a796507d70/svn/milwaukee-specialty-power-tools-0882-20-64_600.jpg , https://images.homedepot-static.com/productImages/cb9c98f5-6441-4eee-870c-f3a0070bb698/svn/milwaukee-specialty-power-tools-0882-20-77_600.jpg , https://images.homedepot-static.com/productImages/d3036ded-a21b-4b03-aaee-a6e2b79480e0/svn/milwaukee-specialty-power-tools-0882-20-c3_600.jpg , https://images.homedepot-static.com/productImages/4e0e6b30-6e5b-4020-bce6-a4c090f6170f/svn/milwaukee-specialty-power-tools-0882-20-4f_600.jpg , https://images.homedepot-static.com/productImages/a871b1d5-24d0-44cd-802e-a00810de5e17/svn/milwaukee-specialty-power-tools-0882-20-1f_600.jpg , https://images.homedepot-static.com/productImages/74decf31-e55e-4d6b-bea2-96d3f91da1c4/svn/milwaukee-specialty-power-tools-0882-20-44_600.jpg , https://images.homedepot-static.com/productImages/7e53db44-49ed-4d86-8253-4d6116a7f665/svn/milwaukee-specialty-power-tools-0882-20-fa_600.jpg , https://images.homedepot-static.com/productImages/4aff9f70-7815-4c66-9473-b91e85bd49db/svn/milwaukee-specialty-power-tools-0882-20-76_600.jpg , https://images.homedepot-static.com/productImages/d77eff44-6d25-43b5-ba0e-d158695c0432/svn/milwaukee-specialty-power-tools-0882-20-d4_600.jpg"
2020-08-19 08:11:27,0541,207131346,Workbenches,0,848,180-Day,349.99,6930849600274,8 ft. Adjustable Height Solid Wood Top Workbench,Husky,false,499.99,150,Online,2020-08-28,2020-08-31,2020-08-31,,"AK,GU,HI,PR,VI",This item does not qualify for free shipping.,2020-08-25,//www.homedepot.com/p/Husky-8-ft-Adjustable-Height-Solid-Wood-Top-Workbench-G9600-US1/207131346,731,4.8249,"With an adjustable height, this 8 ft. workbench is mighty enough to support 3,000 lbs. It features a solid wood work platform to support a variety of operations. Adjustable in 1 in. increments from 28.3 in. to 42.1 in. height, the heavy-duty steel legs keep the workbench planted firmly so you can steadily work from either a seated or standing position. It also coordinates with the HUSKY 4-Drawer Base Cabinet and HUSKY 2-Door Base Cabinet to give your garage, workshop or basement ultimate functionality with a cohesive look.",true,false,false,G9600-US1,72791,Workbench,Category,,12/31/9999,Test,09/05/2019,"https://images.homedepot-static.com/productImages/47ca0627-f3a1-49f6-a3e8-624bd667953c/svn/husky-workbenches-g9600-us1-64_600.jpg , https://images.homedepot-static.com/productImages/d8c47974-8277-452e-a56f-3240acf4beb8/svn/husky-workbenches-g9600-us1-c3_600.jpg , https://images.homedepot-static.com/productImages/97e69518-73e7-419a-ab3c-ede65670fdc3/svn/husky-workbenches-g9600-us1-4f_600.jpg , https://images.homedepot-static.com/productImages/1de98c35-cfd1-49a1-a858-f92d9fd59b6a/svn/husky-workbenches-g9600-us1-d4_600.jpg"
2020-08-19 08:11:28,0541,205846390,Tailgating Portable Gas & Power,4,931,180-Day,89,045242351138,M18 18-Volt Lithium-Ion Cordless Jobsite Fan (Tool-Only),Milwaukee,false,89,0,Shared,2020-08-31,2020-08-24,2020-08-24,$45.00,"AK,GU,HI,PR,VI",Free Shipping,2020-08-26,//www.homedepot.com/p/Milwaukee-M18-18-Volt-Lithium-Ion-Cordless-Jobsite-Fan-Tool-Only-0886-20/205846390,1395,4.7204,"The M18 Jobsite Fan provides the most powerful airflow, and unmatched run-time in a compact size. The 0886-20 can circulate air over 40 ft. making it ideal for drying or cooling on a variety of jobsites. Powered by the M18 REDLITHIUM battery the Jobsite Fan delivers up to 17 hours of run-time on low for all day run-time on a single battery charge. This jobsite fan features a 120° adjustable head, 9 stopping positions and 3 speed settings which provide optimal airflow control. The 0886-20 also includes an AC adaptor for extended run-time. 17 hours with a M18 REDLITHIUM XC 5.0 battery (batteries and charger sold separately).",true,false,true,0886-20,72793,Powerful 18V motor blows air up to 17 MPH delivers up to 284 CFM,Category,,12/31/9999,Test,09/05/2019,"https://images.homedepot-static.com/productImages/2b8b5024-15ae-4c06-a465-81160fb83015/svn/milwaukee-jobsite-fans-0886-20-64_600.jpg , https://images.homedepot-static.com/productImages/70715940-cfd2-4062-abe1-ebb4ad2b4bb2/svn/milwaukee-jobsite-fans-0886-20-e1_600.jpg , https://images.homedepot-static.com/productImages/eee07c3b-d40e-465f-b64c-81be5ef2ecc6/svn/milwaukee-jobsite-fans-0886-20-66_600.jpg , https://images.homedepot-static.com/productImages/7ef7229f-0517-46b6-bde1-99e54d24e931/svn/milwaukee-jobsite-fans-0886-20-c3_600.jpg , https://images.homedepot-static.com/productImages/84feff52-12b5-40fb-9054-d2c2c0af4cfd/svn/milwaukee-jobsite-fans-0886-20-4f_600.jpg , https://images.homedepot-static.com/productImages/a34d85fa-9f1b-49c0-af3b-b52a0b12e2ea/svn/milwaukee-jobsite-fans-0886-20-1f_600.jpg , https://images.homedepot-static.com/productImages/3c09182e-1310-4104-a940-7652a71e726f/svn/milwaukee-jobsite-fans-0886-20-44_600.jpg , https://images.homedepot-static.com/productImages/a426e6f0-5832-4895-98fe-5810f9bba526/svn/milwaukee-jobsite-fans-0886-20-fa_600.jpg , https://images.homedepot-static.com/productImages/517c98f9-a1be-4764-bc69-8fb3db3cfa92/svn/milwaukee-jobsite-fans-0886-20-76_600.jpg"
2020-08-19 08:11:28,0541,301810799,Workbenches,0,0,180-Day,229,8936058510609,62 in. Adjustable Height Work Bench Table,Husky,true,229,0,Shared,,,,,"AK,GU,HI,PR,VI",,,//www.homedepot.com/p/Husky-62-in-Adjustable-Height-Work-Bench-Table-HOLT62XDB12/301810799,2700,4.7937,"Elevate your work experience with the Husky 62 in. Adjustable-Height Work Table. This multi-functional work station features a manual crank that can raise and lower the work surface. The 1.2 in. thick, solid wood top is rugged and beautiful and there is plenty of space on the 62 in. W x 24 in. D work surface. The workbench can be assembled with either the four, 3 in. x 2 in. polypropylene casters for mobility or attach the 4 leveling feet for use as a stationary table or desk. This work table has plenty of uses around the home, office, hobby room or garage. It is designed with a 300 lb. load capacity and an overhang so that you can easily attach your vise grips or cl-Amps while working on a project. This 62 in. Husky Work Table's contemporary, adjustable-height feature allows you to have the flexibility to sit or stand while working. Research suggests that there are health benefits to alternating between standing and sitting throughout the day because it both decreases body discomfort and increases blood flow. The ergonomic design could also reduce eye and back strain and boost your productivity. The crossbar support can be installed in 2 different locations, depending on your preference. Install the support at the center of the table for an open, 2-sided work area. Or install it along the back of the legs to allow you the versatility of stowing your tool storage and rolling cabinets underneath to further organize your work space.",true,false,true,HOLT62XDB12,72793,"Rolling,Wheel Locks,Wheels",Category,,12/31/9999,Test,09/05/2019,"https://images.homedepot-static.com/productImages/cc1410b9-0360-49a3-85b8-eeddd7a2d877/svn/husky-workbenches-holt62xdb12-64_600.jpg , https://images.homedepot-static.com/productImages/b8617b75-bb6a-4c8c-a0f7-ce5d63a88d88/svn/husky-workbenches-holt62xdb12-66_600.jpg , https://images.homedepot-static.com/productImages/563d2171-84ac-471a-96b5-bb1bda7ff8f7/svn/husky-workbenches-holt62xdb12-c3_600.jpg , https://images.homedepot-static.com/productImages/eaceba99-a4c4-48bd-98c4-975aaedb79bb/svn/husky-workbenches-holt62xdb12-4f_600.jpg , https://images.homedepot-static.com/productImages/ca39ee8c-4ede-4998-918c-425b899f0a1f/svn/husky-workbenches-holt62xdb12-1f_600.jpg , https://images.homedepot-static.com/productImages/48fdad07-643f-4fb7-97fd-e289aa4431bc/svn/husky-workbenches-holt62xdb12-44_600.jpg , https://images.homedepot-static.com/productImages/df410329-37b1-43f9-92d4-1fda3a83812b/svn/husky-workbenches-holt62xdb12-fa_600.jpg , https://images.homedepot-static.com/productImages/895d1c93-88fa-4696-926d-c61ef84182c8/svn/husky-workbenches-holt62xdb12-76_600.jpg"
2020-08-19 08:11:29,0541,100171587,Transfer Switches,0,36,180-Day,139.26,783164000337,100 Amp 240-Volt Non-Fused Emergency Power Transfer Switch,GE,false,139.26,0,Shared,2020-08-26,2020-08-25,2020-08-25,$45.00,"AK,GU,HI,PR,VI",Ships FREE with $45.00 Order,2020-08-24,//www.homedepot.com/p/GE-100-Amp-240-Volt-Non-Fused-Emergency-Power-Transfer-Switch-TC10323R/100171587,213,4.6901,"The GE 100 Amp 240-Volt Non-Fused Emergency Power Transfer Switch is great for running your outdoor backup generator. This emergency power transfer switch is designed for use with 12 - 1 AWG/kcmil copper or aluminum lug wire. With a NEMA type-3R metal enclosure, this transfer switch is UL listed and ANSI certified for safety.",true,false,true,TC10323R,60085527,UL Listed and cUL Listed,Category,,12/31/9999,Test,09/05/2019,"https://images.homedepot-static.com/productImages/c2574a99-a787-41e5-8214-23eab4242b06/svn/ge-transfer-switches-tc10323r-64_600.jpg , https://images.homedepot-static.com/productImages/8205bc31-c277-42f2-aa3d-17e293897c9c/svn/ge-transfer-switches-tc10323r-e1_600.jpg , https://images.homedepot-static.com/productImages/a0019e16-6c6d-4251-9295-f8f5c676eb69/svn/ge-transfer-switches-tc10323r-40_600.jpg , https://images.homedepot-static.com/productImages/725c6658-1b86-459d-9f74-3a178dfd731a/svn/ge-transfer-switches-tc10323r-76_600.jpg"
2020-08-19 08:11:30,0541,307744663,Portable Table Saws,0,0,180-Day,449,045242504411,M18 FUEL ONE-KEY 18-Volt Lithium-Ion Brushless Cordless 8-1/4 in. Table Saw (Tool-Only),Milwaukee,false,449,0,Online,,,,,"AK,GU,HI,PR,VI",,,//www.homedepot.com/p/Milwaukee-M18-FUEL-ONE-KEY-18-Volt-Lithium-Ion-Brushless-Cordless-8-1-4-in-Table-Saw-Tool-Only-2736-20/307744663,279,4.7097,"The Milwaukee Cordless M18 FUEL 8-1/4 in. Table Saw with ONE-KEY delivers the power of a 15 Amp corded saw with 24-1/2 in. of Rip Capacity and up to 600 lin. ft. of cutting per charge. Designed for the professional carpenter, remodeler and general contractor, the cordless battery powered table saw is optimized for power, portability and productivity. Integrated ONE-KEY Smart Technology enables wireless tool connectivity to smart devices including smart phones and tablets. It easily track and manage a tool's performance and location. The technology is built into the tool, not the battery, for tracking even on an empty charge. Integrated Tool Tracking provides full visibility to how and where tools are being used across your network of jobs and users within a 100 ft. range of your smart device. Integrated Tool Security protects your investments with features like remote tool lock-out or the ability to hide your tools from other smart devices. The POWERSTATE Brushless Motor was purposely built for the M18 FUEL 8-1/4 in. Table Saw with ONE-KEY to provide the power and performance of a 15 Amp corded circular saw.",true,false,true,2736-20,72793,Red,Category,,12/31/9999,Test,09/05/2019,"https://images.homedepot-static.com/productImages/5bbd2553-d4ea-4b2a-b633-34b16c4fa2ee/svn/milwaukee-portable-table-saws-2736-20-64_600.jpg , https://images.homedepot-static.com/productImages/fb30e185-66c3-4a09-926a-67f8088161fd/svn/milwaukee-portable-table-saws-2736-20-40_600.jpg , https://images.homedepot-static.com/productImages/ecfbe84d-13c1-4caa-aae3-d9ecb428b7b5/svn/milwaukee-portable-table-saws-2736-20-a0_600.jpg , https://images.homedepot-static.com/productImages/640387ac-a499-4283-a8d6-f5f602abba1e/svn/milwaukee-portable-table-saws-2736-20-1d_600.jpg , https://images.homedepot-static.com/productImages/934f0ee3-9ab2-4620-a9ca-882c1b21b4ad/svn/milwaukee-portable-table-saws-2736-20-66_600.jpg , https://images.homedepot-static.com/productImages/cb972553-6a44-4249-afa9-6bb77f2f8e68/svn/milwaukee-portable-table-saws-2736-20-77_600.jpg , https://images.homedepot-static.com/productImages/eeb79f6b-32e1-49fd-a578-c80b89c3447c/svn/milwaukee-portable-table-saws-2736-20-c3_600.jpg , https://images.homedepot-static.com/productImages/e1a8a94f-9f4c-48bd-9d25-050781ab6bb6/svn/milwaukee-portable-table-saws-2736-20-4f_600.jpg , https://images.homedepot-static.com/productImages/79bc534f-bdd1-47f3-a4e3-2bcc083d8523/svn/milwaukee-portable-table-saws-2736-20-1f_600.jpg"
2020-08-19 08:11:31,0541,202316226,Building Wires,2,3761,180-Day,251.97,032886263064,1000 ft. 12/2 Solid Romex SIMpull CU NM-B W/G Wire,Southwire,false,251.97,0,Shared,2020-09-01,2020-09-03,2020-09-14,$45.00,"AK,GU,HI,PR,VI",Ships FREE with $45.00 Order,2020-08-27,//www.homedepot.com/p/Southwire-1000-ft-12-2-Solid-Romex-SIMpull-CU-NM-B-W-G-Wire-28828201/202316226,1944,4.7587,"The Southwire Company Romex SIMpull 1,000 ft. 12/2 Type NM-B Cable can be used in your homes exposed and concealed wiring projects. This NM-B cable is designed to be used in dry locations up to 90°C or 194°F. Nylon jackets help significantly reduce pulling force resulting in easier installation.",true,false,true,28828201,60085463,Copper (CU) Conductors,Category,,12/31/9999,Test,09/05/2019,"https://images.homedepot-static.com/productImages/1bfd8229-9b26-4dc1-94ea-a70c7ae15b66/svn/southwire-building-wires-28828201-64_600.jpg , https://images.homedepot-static.com/productImages/3a56dd51-46ef-45f7-905b-58c73ba10226/svn/southwire-building-wires-28828201-40_600.jpg , https://images.homedepot-static.com/productImages/4ac9ffca-1919-451b-9606-9a6cb4ec812c/svn/southwire-building-wires-28828201-a0_600.jpg , https://images.homedepot-static.com/productImages/bf43f724-fe2a-4e44-8bab-3e54d6447307/svn/southwire-building-wires-28828201-1d_600.jpg , https://images.homedepot-static.com/productImages/9f7275fc-382a-40d4-ab0e-6a0c8ebe0550/svn/southwire-building-wires-28828201-66_600.jpg , https://images.homedepot-static.com/productImages/76e6dd56-d564-4349-917e-f78c7e1ba5ca/svn/southwire-building-wires-28828201-77_600.jpg , https://images.homedepot-static.com/productImages/70a5d6de-c6f5-4a93-bd1a-020fe57cc806/svn/southwire-building-wires-28828201-c3_600.jpg , https://images.homedepot-static.com/productImages/2794723c-192d-4526-b520-07c1191c178e/svn/southwire-building-wires-28828201-44_600.jpg , https://images.homedepot-static.com/productImages/9542ed0f-5a11-4d7d-8483-66bb97fc4232/svn/southwire-building-wires-28828201-31_600.jpg"
2020-08-19 08:11:31,0541,206584690,Cordless Leaf Blowers,3,19,180-Day,199,692042006043,"110 MPH 530 CFM 56V Lithium-Ion Cordless Variable-Speed Turbo Electric Blower, 2.5 Ah Battery and Charger Included",EGO,false,199,0,Shared,2020-09-01,2020-08-28,2020-08-28,$45.00,"AK,GU,HI,PR,VI",Ships FREE with $45.00 Order,2020-08-27,//www.homedepot.com/p/EGO-110-MPH-530-CFM-56V-Lithium-Ion-Cordless-Variable-Speed-Turbo-Electric-Blower-2-5-Ah-Battery-and-Charger-Included-LB5302/206584690,6605,4.6521,"The EGO POWER+ 530 CFM Blower is the next, big step up in power and convenience for cordless blowers. Turbine fan engineering, inspired by advanced aeronautics technology, performs better than many premium gas-powered models. The light-weight, compact, high-efficiency brushless motor delivers longer run time, low vibrations and an extended motor life. The advanced EGO POWER+ 56-Volt battery uses industry-leading Arc-Lithium technology to deliver Power Beyond Belief and is compatible with all EGO POWER+ products.",true,false,true,LB5302,60002765,Powerful leaf blower delivers 530 CFM,Category,,12/31/9999,Test,09/05/2019,"https://images.homedepot-static.com/productImages/f2d5596b-1640-4f72-9baa-a6cb369aeddf/svn/ego-cordless-leaf-blowers-lb5302-64_600.jpg , https://images.homedepot-static.com/productImages/8fedd049-fb16-4a35-9b0d-126f2dd70440/svn/ego-cordless-leaf-blowers-lb5302-e1_600.jpg , https://images.homedepot-static.com/productImages/cc5c1071-4e7b-476e-b9cf-6cc51b94940f/svn/ego-cordless-leaf-blowers-lb5302-40_600.jpg , https://images.homedepot-static.com/productImages/4a182d47-442e-4f3a-bc93-f596ade95e3e/svn/ego-cordless-leaf-blowers-lb5302-a0_600.jpg , https://images.homedepot-static.com/productImages/7bf2b13d-ec15-438a-965d-e559cdd2e384/svn/ego-cordless-leaf-blowers-lb5302-1d_600.jpg , https://images.homedepot-static.com/productImages/2ab10caf-dc40-45d0-8485-ac02906bee35/svn/ego-cordless-leaf-blowers-lb5302-66_600.jpg , https://images.homedepot-static.com/productImages/d39e3765-05ad-47b7-8761-add2e75cd81a/svn/ego-cordless-leaf-blowers-lb5302-c3_600.jpg , https://images.homedepot-static.com/productImages/03510055-6afb-4061-85f4-5850ae962f77/svn/ego-cordless-leaf-blowers-lb5302-1f_600.jpg , https://images.homedepot-static.com/productImages/bdaf312b-ec6a-4f6c-aa41-43005a7069da/svn/ego-cordless-leaf-blowers-lb5302-44_600.jpg , https://images.homedepot-static.com/productImages/9a921b50-dd6d-4bce-95cc-9be01c59174e/svn/ego-cordless-leaf-blowers-lb5302-31_600.jpg"
2020-08-19 08:11:32,0541,302906312,Tool Bags,0,1091,180-Day,99.99,045242509133,15 in. Ultimate Jobsite Backpack,Milwaukee,false,99.99,0,Online,2020-08-31,2020-08-24,2020-08-24,$45.00,"AK,GU,HI,PR,VI",Free Shipping,2020-08-26,//www.homedepot.com/p/Milwaukee-15-in-Ultimate-Jobsite-Backpack-48-22-8201/302906312,673,4.5929,"The Ultimate Jobsite Backpack is designed for ultimate durability, protection, and storage. The backpack has the most durable hard molded base on the market with up to 5X better durability than the competition. Constructed of 1680D Ballistic Material and with rugged metal zippers, the backpack provides unmatched durability. With 48 total pockets including 2 hardshell pockets that are designed to protect electronics and equipment from impact, the backpack provides exceptional organization. The padded and breathable load-bearing harness evenly distributes the weight for unsurpassed comfort and jobsite performance with up to 2X more padding than competitive units.",true,false,false,48-22-8201,72793,46,Category,,12/31/9999,Test,09/05/2019,"https://images.homedepot-static.com/productImages/405458a9-37dd-4afe-9c6a-ceb856e7df25/svn/black-milwaukee-tool-bags-48-22-8201-64_600.jpg , https://images.homedepot-static.com/productImages/f72d1c41-85b5-4a55-b6e4-0360bdfcc8e4/svn/black-milwaukee-tool-bags-48-22-8201-1d_600.jpg , https://images.homedepot-static.com/productImages/48f1ba02-d181-4dfa-b67c-577a157637e6/svn/black-milwaukee-tool-bags-48-22-8201-66_600.jpg , https://images.homedepot-static.com/productImages/0280701b-17c6-4b8a-ba9e-66b0f2029506/svn/black-milwaukee-tool-bags-48-22-8201-c3_600.jpg , https://images.homedepot-static.com/productImages/fc561bf2-332e-4226-b9cd-c76883fac376/svn/black-milwaukee-tool-bags-48-22-8201-4f_600.jpg , https://images.homedepot-static.com/productImages/86ed812b-3622-45bc-81ae-03ba972d7bc0/svn/black-milwaukee-tool-bags-48-22-8201-1f_600.jpg , https://images.homedepot-static.com/productImages/8127c8fe-3287-46c6-a441-92f7be111f2a/svn/black-milwaukee-tool-bags-48-22-8201-44_600.jpg , https://images.homedepot-static.com/productImages/ae280d00-c187-4a34-8005-e9528725b99a/svn/black-milwaukee-tool-bags-48-22-8201-fa_600.jpg , https://images.homedepot-static.com/productImages/366acb18-5e72-4d74-a95b-07fe57f18eeb/svn/black-milwaukee-tool-bags-48-22-8201-31_600.jpg"
2020-08-19 08:11:33,0541,202091034,Roof Coatings,0,389,180-Day,143.93,081725054455,Henry 687 EnviroWhite – 100% Acrylic Reflective Elastomeric Roof Coating w/ Dirt Pick-Up Resistance Technology - 5 Gal,Henry,false,143.93,0,Shared,2020-08-28,2020-08-27,2020-08-27,$45.00,"AK,GU,HI,PR,VI",Ships FREE with $45.00 Order,2020-08-25,//www.homedepot.com/p/Henry-Henry-687-EnviroWhite-100-Acrylic-Reflective-Elastomeric-Roof-Coating-w-Dirt-Pick-Up-Resistance-Technology-5-Gal-HE687406/202091034,198,4.5808,"You get many benefits for using this Henry 687 100% Acrylic Enviro-White Extreme Elastomeric Roof Coating. It is a premium, high solids white reflective roof coating featuring Dirt Pick-Up Resistance (DPR) technology, which prevents dirt and dust buildup, keeping the roof whiter and more reflective longer. When cured, it forms a permeable membrane, which prevents liquid infiltration, but allows moisture vapor to vent or breathe out of underlying substrate.",true,false,true,HE687406,60001639,Reflective Roof Coating,Category,,12/31/9999,Test,09/05/2019,"https://images.homedepot-static.com/productImages/2e3ead9a-ad00-4b4c-901b-0e77677687a2/svn/henry-roof-coatings-he687406-64_600.jpg , https://images.homedepot-static.com/productImages/2b0bde77-f358-4967-b55f-4836e9f5cc0d/svn/henry-roof-coatings-he687406-66_600.jpg , https://images.homedepot-static.com/productImages/4a4468c5-0a11-4984-a55b-71e601b4e045/svn/henry-roof-coatings-he687406-c3_600.jpg , https://images.homedepot-static.com/productImages/e8d58e84-9291-4446-8a45-688c906e54f7/svn/henry-roof-coatings-he687406-4f_600.jpg , https://images.homedepot-static.com/productImages/294217c6-c4c8-402c-b8dd-3fbc092dbda3/svn/henry-roof-coatings-he687406-1f_600.jpg , https://images.homedepot-static.com/productImages/61953fd5-c364-4c81-9f53-ee79d31e203c/svn/henry-roof-coatings-he687406-44_600.jpg , https://images.homedepot-static.com/productImages/c0d9b519-af5b-4070-be1d-bb3dac33c56e/svn/henry-roof-coatings-he687406-fa_600.jpg , https://images.homedepot-static.com/productImages/8cb4b4a2-32ea-471a-b2a4-485e365f0cc3/svn/henry-roof-coatings-he687406-76_600.jpg , https://images.homedepot-static.com/productImages/90f6b3a3-00ea-41a7-abbf-5188f0706f1a/svn/henry-roof-coatings-he687406-d4_600.jpg"
2020-08-19 08:11:34,0541,303419976,,0,0,,0,,,,false,0,0,,,,,,,,,,,,,false,false,false,,,,,,,,,
2020-08-19 08:11:34,0541,307411379,Workbenches,0,932,180-Day,120.01,633941001715,The Quick Bench 4 ft. Folding Workbench UV Finish,Hardwood Reflections,false,120.01,0,Online,2020-09-10,2020-08-26,2020-08-26,$45.00,"AK,GU,HI,PR,VI",Ships FREE with $45.00 Order,2020-09-01,//www.homedepot.com/p/Hardwood-Reflections-The-Quick-Bench-4-ft-Folding-Workbench-UV-Finish-5420QBWHUB-48/307411379,155,4.729,"The ideal solution for smaller spaces where a bench is needed, this folding workbench easily lifts into the raised position, where heavy-duty steel brackets lock into place for a 500 lbs. weight rating (properly installed). When not in use, the bench is lowered by pressing the release tabs with fingertip pressure, and hangs flat against the wall to regain your space. The UV finished butcher block top is ready to install.",true,false,false,5420QBWHUB-48,60006731,Workbench,Brand,,12/31/9999,Test,09/05/2019,"https://images.homedepot-static.com/productImages/942e87a2-4944-4475-9537-0e601fd4cc60/svn/hardwood-reflections-workbenches-5420qbwhub-48-64_600.jpg , https://images.homedepot-static.com/productImages/9cb1ff42-83aa-49dc-b0ab-feeaa7045907/svn/hardwood-reflections-workbenches-5420qbwhub-48-e1_600.jpg , https://images.homedepot-static.com/productImages/3f78dfa9-0041-44b9-b80a-a6a895ac03f0/svn/hardwood-reflections-workbenches-5420qbwhub-48-1d_600.jpg , https://images.homedepot-static.com/productImages/80353436-cd4e-4693-91e8-7adaa25ddc23/svn/hardwood-reflections-workbenches-5420qbwhub-48-66_600.jpg , https://images.homedepot-static.com/productImages/7e42fa12-2a49-49c3-90da-9d9137d1180d/svn/hardwood-reflections-workbenches-5420qbwhub-48-c3_600.jpg , https://images.homedepot-static.com/productImages/0f54b128-5195-42f2-901f-ed6e3b3d06c2/svn/hardwood-reflections-workbenches-5420qbwhub-48-4f_600.jpg , https://images.homedepot-static.com/productImages/3f7e9744-43e3-44a2-b0d1-3c3de7c2a3f0/svn/hardwood-reflections-workbenches-5420qbwhub-48-1f_600.jpg , https://images.homedepot-static.com/productImages/ec92a842-a6a8-41b0-8380-6c6628852498/svn/hardwood-reflections-workbenches-5420qbwhub-48-44_600.jpg , https://images.homedepot-static.com/productImages/22e157fc-ec8b-48fc-b7ea-70e704582b70/svn/hardwood-reflections-workbenches-5420qbwhub-48-76_600.jpg , https://images.homedepot-static.com/productImages/85767cc8-5fa2-4cbd-a083-d021dd526575/svn/hardwood-reflections-workbenches-5420qbwhub-48-d4_600.jpg , https://images.homedepot-static.com/productImages/a27d8c52-b2ad-451a-99e5-ec59e565d472/svn/hardwood-reflections-workbenches-5420qbwhub-48-31_600.jpg"
2020-08-19 08:11:35,0541,205477926,Scaffolding Sets,0,469,180-Day,93.24,778300100385,4 ft. x 4 ft. x 2 ft. Mini Rolling Scaffold 500 lb. Load Capacity with Tool Shelf,MetalTech,true,93.24,0,Shared,2020-08-26,2020-08-24,2020-08-24,$45.00,"AK,GU,HI,PR,VI",Ships FREE with $45.00 Order,2020-08-24,//www.homedepot.com/p/MetalTech-4-ft-x-4-ft-x-2-ft-Mini-Rolling-Scaffold-500-lb-Load-Capacity-with-Tool-Shelf-I-IMCNAT/205477926,238,4.6303,"This 4 ft. MetalTech mini folding steel work platform is the perfect solution for all your indoor painting and do-it-yourself projects. It features a 500 lbs. load capacity, yet is lightweight, easy to transport and handle. When not in use, it folds down to only 3 in. in depth, making it easy and convenient to store. The mini contains 2-sets of black anti slip platforms for a multi-level working area. Rugged 1 in. steel tube frame construction is secure and safe with 4 in. swivel casters with locking brakes and solid steel stem. The convenient tool shelf is designed to hold all your tools, screwdriver bits, both quart and gallon paint cans. It even has a paper towel or trash holder and will fold out of the way when your project is completed.",true,false,true,I-IMCNAT,60001278,For indoor use,Category,,12/31/9999,Test,09/05/2019,"https://images.homedepot-static.com/productImages/4e9ba3cc-34d9-41cd-9c5f-42466203223f/svn/metaltech-scaffolding-sets-i-imcnat-64_600.jpg , https://images.homedepot-static.com/productImages/05b5e145-416a-40e1-a741-280042599d26/svn/metaltech-scaffolding-sets-i-imcnat-e1_600.jpg , https://images.homedepot-static.com/productImages/10a43a11-d96f-48f9-a132-a5cf1cbba145/svn/metaltech-scaffolding-sets-i-imcnat-40_600.jpg , https://images.homedepot-static.com/productImages/1fdab6e7-3238-4d81-a99a-b929bc78056d/svn/metaltech-scaffolding-sets-i-imcnat-a0_600.jpg , https://images.homedepot-static.com/productImages/31901bcb-36a1-49af-9640-18ab8ead4247/svn/metaltech-scaffolding-sets-i-imcnat-1d_600.jpg , https://images.homedepot-static.com/productImages/352d2df6-112b-4dce-9b58-5336e9c8c8f1/svn/metaltech-scaffolding-sets-i-imcnat-66_600.jpg , https://images.homedepot-static.com/productImages/67f2059f-4839-4ade-bbc5-6b68c1c6de48/svn/metaltech-scaffolding-sets-i-imcnat-77_600.jpg , https://images.homedepot-static.com/productImages/728fd4b3-e151-4a1c-99c0-be0e406cc40a/svn/metaltech-scaffolding-sets-i-imcnat-c3_600.jpg , https://images.homedepot-static.com/productImages/b4f8a8f0-910c-43fb-9109-59a8917bf945/svn/metaltech-scaffolding-sets-i-imcnat-4f_600.jpg , https://images.homedepot-static.com/productImages/e70d0ff9-9eea-4e94-9466-5b36b881545f/svn/metaltech-scaffolding-sets-i-imcnat-31_600.jpg"
2020-08-19 08:11:36,0541,203555586,Framing Nailers,0,231,180-Day,199,028877597607,21-Degree 3-1/2 in. Full Round Framing Nailer,Porter-Cable,true,199,0,Shared,2020-08-31,2020-08-24,2020-08-24,$45.00,"GU,PR,VI",Ships FREE with $45.00 Order,2020-08-26,//www.homedepot.com/p/Porter-Cable-21-Degree-3-1-2-in-Full-Round-Framing-Nailer-FR350B/203555586,2209,4.5147,"Ideal for carpenters, woodworkers and DIYers, the FR350B touts a variety of features, including a selectable trigger, allowing the flexibility to choose between restrictive or contact actuation modes. For ease of use, the tool is also equipped with a depth-of-drive feature, a low-nail lockout mechanism to alert the user to reload and a reversible rafter hook for hanging the tool on the left or right side. Additionally, the over-molded grip provides utmost comfort and control when working.",true,false,true,FR350B,72793,Selectable trigger for sequential or contact actuation mode,Category,,12/31/9999,Test,09/05/2019,"https://images.homedepot-static.com/productImages/42b905a5-57dd-4f98-bfb2-ae6c72b45b3d/svn/porter-cable-framing-nailers-fr350b-64_600.jpg , https://images.homedepot-static.com/productImages/3935a8e4-0b73-47cf-bbda-b9d4564df032/svn/porter-cable-framing-nailers-fr350b-e1_600.jpg , https://images.homedepot-static.com/productImages/80de96ad-86dc-4e1b-a551-744fd3988958/svn/porter-cable-framing-nailers-fr350b-40_600.jpg , https://images.homedepot-static.com/productImages/92406a82-5fed-46d8-8d34-9053eabeb73d/svn/porter-cable-framing-nailers-fr350b-a0_600.jpg , https://images.homedepot-static.com/productImages/4acac598-22d9-4c84-9da1-97df5fcd2f4f/svn/porter-cable-framing-nailers-fr350b-1d_600.jpg , https://images.homedepot-static.com/productImages/e8944988-44be-4966-ad30-c83541ef9d81/svn/porter-cable-framing-nailers-fr350b-66_600.jpg , https://images.homedepot-static.com/productImages/af44cb9b-4652-4482-ad50-4ac2d3ca29fc/svn/porter-cable-framing-nailers-fr350b-77_600.jpg , https://images.homedepot-static.com/productImages/a1f50c85-6a52-4ebc-b80d-67926c5a55a1/svn/porter-cable-framing-nailers-fr350b-c3_600.jpg , https://images.homedepot-static.com/productImages/c899079a-25c1-4c9a-84a8-e96bc08d99ec/svn/porter-cable-framing-nailers-fr350b-4f_600.jpg , https://images.homedepot-static.com/productImages/0e2125d9-d101-4e8d-a98e-e8ebbda5f5a2/svn/porter-cable-framing-nailers-fr350b-1f_600.jpg , https://images.homedepot-static.com/productImages/9bf8e19a-b747-430a-80b6-b7b097d68682/svn/porter-cable-framing-nailers-fr350b-44_600.jpg , https://images.homedepot-static.com/productImages/a47aa130-85f1-4061-b88e-ec90f4743786/svn/porter-cable-framing-nailers-fr350b-fa_600.jpg , https://images.homedepot-static.com/productImages/31054e23-6f01-4eea-ac40-8183f71e9afe/svn/porter-cable-framing-nailers-fr350b-76_600.jpg , https://images.homedepot-static.com/productImages/3badc4d3-003e-4324-87a8-2e008669ff9a/svn/porter-cable-framing-nailers-fr350b-d4_600.jpg"
2020-08-19 08:11:36,0541,205901995,Fence Gate Latches & Slide Bolts,0,9953,180-Day,12.62,040933244300,36 in. Heavy Duty Drop Rod,Boerboel,false,12.62,0,Online,2020-08-31,2020-08-28,2020-08-28,$45.00,"AK,GU,HI,PR,VI",Ships FREE with $45.00 Order,2020-08-27,//www.homedepot.com/p/Boerboel-36-in-Heavy-Duty-Drop-Rod-73024430/205901995,79,4.6329,"Boerboel Gate Solutions offers a wide variety of hardware for most gate weights. This reliable drop rod is designed for wood, vinyl, steel or aluminum gates. Backed by a limited lifetime warranty.",true,false,false,73024430,60003452,Heavy,Category,,12/31/9999,Test,09/05/2019,"https://images.homedepot-static.com/productImages/cddf5f97-b2fc-4609-a53b-7ee727f7724b/svn/boerboel-fence-gate-latches-slide-bolts-73024430-64_600.jpg , https://images.homedepot-static.com/productImages/b754f14c-22b1-4507-805c-49ae8cf043c5/svn/boerboel-fence-gate-latches-slide-bolts-73024430-c3_600.jpg , https://images.homedepot-static.com/productImages/7844bd46-fa1f-43a8-989c-efd936b0e5b0/svn/boerboel-fence-gate-latches-slide-bolts-73024430-4f_600.jpg"
2020-08-19 08:11:37,0541,203807106,Power Tool Battery Chargers,0,343,180-Day,119,045242293681,M18 18-Volt Lithium-Ion 6-Port Sequential Battery Charger,Milwaukee,false,119,0,Shared,2020-08-31,2020-08-24,2020-08-24,$45.00,"AK,GU,HI,PR,VI",Free Shipping,2020-08-26,//www.homedepot.com/p/Milwaukee-M18-18-Volt-Lithium-Ion-6-Port-Sequential-Battery-Charger-48-59-1806/203807106,257,4.5525,"The Milwaukee 48-59-1806 is a M18 Sequential 6 Port Charger. The charger holds up to 6 batteries at a time, and charges them sequentially, one at a time. The charger also offers a compact design, integrated hang holes for vertical mounting, and a pass through plug to conserve outlet space. The new unit will charge M18 compact batteries in 30 minutes, and extended capacity (XC) batteries in 60 minutes. With this new six pack charger, users can reduce the amount of time spent changing out batteries, increasing productivity on the jobsite.",true,false,true,48-59-1806,72793,"Fully compatible with the M18 system, featuring over 200+ tools",Category,,12/31/9999,Test,09/05/2019,"https://images.homedepot-static.com/productImages/5c8a9cce-1392-4b9f-bb26-b962bbc6b663/svn/milwaukee-power-tool-battery-chargers-48-59-1806-64_600.jpg , https://images.homedepot-static.com/productImages/5b42eb04-6ebb-4744-b75d-05863388e1c2/svn/milwaukee-power-tool-battery-chargers-48-59-1806-40_600.jpg , https://images.homedepot-static.com/productImages/06546766-5c9b-4e72-bedb-ca77fccf14d3/svn/milwaukee-power-tool-battery-chargers-48-59-1806-a0_600.jpg , https://images.homedepot-static.com/productImages/c59275b7-e558-46ab-96f5-f084ecde5844/svn/milwaukee-power-tool-battery-chargers-48-59-1806-c3_600.jpg"
